0,Women
1,Women's All-Around
2,Women's Floor Exercise
3,Women's Team
4,Women's Vault
5,Women's Balance Beam
6,Women's Uneven Bars
7,Men's 4 x 400m Relay
8,Men's Shot Put
9,Women's 4 x 400m Relay
10,Women's 400m Hurdles
11,Women's 800m
12,Women's Discus Throw
13,Women's Pole Vault
14,Men's 100m
15,Men's 110m Hurdles
16,Men's 200m
17,Men's 400m Hurdles
18,Men's Pole Vault
19,Men's Shot Put
20,Women's 100m Hurdles
21,Women's 3000m Steeplechase
22,Women's 4 x 100m Relay
23,Women's 400m Hurdles
24,Women's Long Jump
25,Women's Shot Put
26,Men's 200m
27,Men's 5000m
28,Women's 200m
29,Women's 400m
30,Women's 800m
31,Women's Marathon
32,4 x 400m Relay Mixed
33,Baseball
34,Softball
35,Men
36,Women
37,Women
38,Men's Feather (52-57kg)
39,Men's Light (57-63kg)
40,Men's Super Heavy (+91kg)
41,Women's Welter (64-69kg)
42,Women's Canoe Single 200m
43,Women's Park
44,Women's Omnium
45,Women's Team Pursuit
46,Men's Synchronised 3m Springboard
47,Women's Synchronised 10m Platform
48,Women's 3m Springboard
49,Dressage Team
50,Jumping Team
51,Women's Foil Individual
52,Men's Foil Team
53,Women
54,Men's Individual Stroke Play
55,Women's Individual Stroke Play
56,Men's Kata
57,10m Air Rifle Men
58,Skeet Men
59,Skeet Women
60,Trap Women
61,10m Air Rifle Mixed Team
62,Trap Mixed Team
63,Men's Park
64,Men's Street
65,Men's Combined
66,Women
67,Men's 100m Butterfly
68,Men's 100m Freestyle
69,Men's 1500m Freestyle
70,Men's 4 x 100m Freestyle Relay
71,Men's 4 x 100m Medley Relay
72,Men's 400m Individual Medley
73,Men's 50m Freestyle
74,Men's 800m Freestyle
75,Women's 100m Breaststroke
76,Women's 1500m Freestyle
77,Women's 800m Freestyle
78,Men's 200m Backstroke
79,Men's 400m Individual Medley
80,Women's 1500m Freestyle
81,Women's 200m Breaststroke
82,Women's 200m Butterfly
83,Women's 200m Individual Medley
84,Women's 4 x 100m Medley Relay
85,Women's 4 x 200m Freestyle Relay
86,Women's 400m Freestyle
87,Women's 400m Individual Medley
88,Men's 100m Backstroke
89,Men's 400m Freestyle
90,Women's 100m Backstroke
91,Women's 100m Breaststroke
92,Women's 200m Breaststroke
93,Women's 200m Butterfly
94,Women's 200m Individual Medley
95,Women's 4 x 100m Freestyle Relay
96,Women's 400m Individual Medley
97,Women -57kg
98,Mixed Relay
99,Women's Individual
100,Women
101,Women
102,Women's 76kg
103,Women's +87kg
104,Men's Freestyle 125kg
105,Men's Freestyle 86kg
106,Women's Freestyle 68kg
107,Men's Freestyle 97kg
108,Women's Freestyle 76kg
109,Men's Freestyle 57kg
110,Men's Freestyle 74kg
111,Women's Freestyle 50kg
112,Women's Freestyle 57kg
113,Women
114,Men's Parallel Bars
115,Men's Rings
116,Women's Balance Beam
117,Men's All-Around
118,Men's Rings
119,Women's Balance Beam
120,Men's Floor Exercise
121,Men's Team
122,Duet
123,Team
124,Women's Javelin Throw
125,Women's Shot Put
126,Men's Triple Jump
127,Women's Hammer Throw
128,Women's 20km Race Walk
129,Women's Singles
130,Mixed Doubles
131,Men's Doubles
132,Men's Singles
133,Women's Doubles
134,Mixed Doubles
135,Women's Middle (69-75kg)
136,Women's Welter (64-69kg)
137,Women's Canoe Double 500m
138,Men's Canoe Double 1000m
139,Men's Canoe Single 1000m
140,Women's Team Sprint
141,Men's 10m Platform
142,Men's 3m Springboard
143,Men's Synchronised 3m Springboard
144,Women's 10m Platform
145,Women's 3m Springboard
146,Women's Synchronised 10m Platform
147,Women's Synchronised 3m Springboard
148,Men's 10m Platform
149,Men's 3m Springboard
150,Men's Synchronised 10m Platform
151,Women's 10m Platform
152,Women's 3m Springboard
153,Women's Épée Individual
154,Women's Kumite -61kg
155,Women's Kumite +61kg
156,Women's Quadruple Sculls
157,Men's Double Sculls
158,Women's Eight
159,Women's Windsurfer - RS:X
160,Men's Windsurfer - RS:X
161,50m Rifle 3 Positions Men
162,10m Air Rifle Women
163,10m Air Pistol Mixed Team
164,10m Air Rifle Mixed Team
165,10m Air Rifle Men
166,10m Air Pistol Men
167,10m Air Rifle Men
168,25m Rapid Fire Pistol Men
169,10m Air Pistol Women
170,25m Pistol Women
171,Skeet Women
172,Men's 200m Individual Medley
173,Women's 200m Butterfly
174,Women's 4 x 200m Freestyle Relay
175,Women's 100m Butterfly
176,Mixed 4 x 100m Medley Relay
177,Women's 400m Freestyle
178,Men's Singles
179,Men's Team
180,Women's Singles
181,Women's Team
182,Men's Singles
183,Women's Singles
184,Mixed Doubles
185,Men -68kg
186,Women
187,Men
188,Women
189,Men's 61kg
190,Men's 67kg
191,Men's 73kg
192,Men's 81kg
193,Women's +87kg
194,Women's 49kg
195,Women's 87kg
196,Women's 55kg
197,Women's Freestyle 50kg
198,Women's Freestyle 53kg
199,Men's Greco-Roman 60kg
200,Women's Freestyle 76kg
201,Men's Individual
202,Men's Team
203,Men's All-Around
204,Men's Horizontal Bar
205,Men's Team
206,Men's Pommel Horse
207,Women's Floor Exercise
208,Men's 20km Race Walk
209,Men's 20km Race Walk
210,Mixed Doubles
211,Baseball
212,Softball
213,Women
214,Women's Feather (54-57kg)
215,Men's Fly (48-52kg)
216,Women's Fly (48-51kg)
217,Women's Omnium
218,Men's Épée Team
219,Women's Individual Stroke Play
220,Men -100 kg
221,Men -60 kg
222,Men -66 kg
223,Men -73 kg
224,Men -81 kg
225,Women +78 kg
226,Women -52 kg
227,Women -70 kg
228,Women -78 kg
229,Women -48 kg
230,Mixed Team
231,Women -57 kg
232,Men's Kata
233,Women's Kata
234,Men's Kumite +75kg
235,Men's Street
236,Women's Park
237,Women's Street
238,Women's Park
239,Women's Street
240,Women's Combined
241,Women's Combined
242,Men
243,Women
244,Women's 200m Individual Medley
245,Women's 400m Individual Medley
246,Men's 200m Butterfly
247,Mixed Doubles
248,Women's Team
249,Men's Team
250,Women's Singles
251,Women's 59kg
252,Men's Freestyle 65kg
253,Women's Freestyle 50kg
254,Women's Freestyle 53kg
255,Women's Freestyle 57kg
256,Women's Freestyle 62kg
257,Men's Greco-Roman 60kg
258,Men's Greco-Roman 77kg
259,Men's Pommel Horse
260,Women's Team
261,Men's 4 x 100m Relay
262,Women's 1500m
263,Women's 800m
264,Men's 1500m
265,Women's 4 x 100m Relay
266,Women's Pole Vault
267,Men's Fly (48-52kg)
268,Women's Middle (69-75kg)
269,Men's Light Heavy (75-81kg)
270,Men's Welter (63-69kg)
271,Men's Super Heavy (+91kg)
272,Women's Feather (54-57kg)
273,Women's Canoe
274,Men's Kayak Single 200m
275,Women's Park
276,Men's Park
277,Women
278,Men
279,Men's Cross-country
280,Men's Keirin
281,Men's Omnium
282,Women's Madison
283,Men's Madison
284,Men's Team Sprint
285,Women's Team Pursuit
286,Men's Sprint
287,Men's Synchronised 10m Platform
288,Men's 10m Platform
289,Men's 3m Springboard
290,Eventing Team
291,Jumping Individual
292,Eventing Individual
293,Dressage Individual
294,Dressage Team
295,Women
296,Women -52 kg
297,Men's Individual
298,Women's Individual
299,Men's Quadruple Sculls
300,Men's Eight
301,Men's One Person Dinghy (Heavyweight) - Finn
302,Men's Skiff - 49er
303,Women's Two Person Dinghy - 470
304,Mixed Multihull - Nacra 17 Foiling
305,Women's Windsurfer - RS:X
306,Trap Men
307,Women's Park
308,Men's 100m Breaststroke
309,Men's 200m Freestyle
310,Men's 4 x 200m Freestyle Relay
311,Mixed 4 x 100m Medley Relay
312,Men's 200m Freestyle
313,Men's 200m Individual Medley
314,Men's 4 x 100m Medley Relay
315,Men's 200m Backstroke
316,Men -68kg
317,Women -67kg
318,Women +67kg
319,Women
320,Mixed Relay
321,Men's Individual
322,Women's Individual
323,Women's +87kg
324,Men
325,Women
326,Women's Individual
327,Women's Team
328,Men's Team
329,Women's Team
330,Men's Vault
331,Women's Uneven Bars
332,Men's All-Around
333,Men's Horizontal Bar
334,Women's All-Around
335,Women's Floor Exercise
336,Duet
337,Team
338,Women's High Jump
339,Women's Pole Vault
340,Men
341,Men's Feather (52-57kg)
342,Men's Heavy (81-91kg)
343,Men's Light Heavy (75-81kg)
344,Men's Middle (69-75kg)
345,Men's Welter (63-69kg)
346,Women's Middle (69-75kg)
347,Women's Madison
348,Women's Team Sprint
349,Men's Synchronised 10m Platform
350,Women's Foil Team
351,Women's Sabre Individual
352,Women's Sabre Team
353,Men's Épée Team
354,Men's Foil Team
355,Women's Foil Individual
356,Women's Sabre Individual
357,Women's Foil Individual
358,Women
359,Men +100 kg
360,Men -100 kg
361,Women -70 kg
362,Group All-Around
363,Individual All-Around
364,Women's Pair
365,Women's Single Sculls
366,10m Air Pistol Women
367,25m Pistol Women
368,50m Rifle 3 Positions Men
369,10m Air Rifle Women
370,50m Rifle 3 Positions Women
371,10m Air Pistol Mixed Team
372,50m Rifle 3 Positions Women
373,10m Air Rifle Mixed Team
374,Men's 100m Backstroke
375,Men's 200m Backstroke
376,Men's 100m Backstroke
377,Men's 4 x 200m Freestyle Relay
378,Men's 100m Freestyle
379,Men +80kg
380,Men -80kg
381,Women -57kg
382,Men -58kg
383,Mixed Doubles
384,Men's Singles
385,Mixed Doubles
386,Men
387,Men's Freestyle 57kg
388,Men's Freestyle 74kg
389,Men's Freestyle 97kg
390,Men's Greco-Roman 97kg
391,Men's Freestyle 65kg
392,Men's Freestyle 86kg
393,Men's Greco-Roman 130kg
394,Men's Greco-Roman 60kg
395,Women's High Jump
396,Men's Decathlon
397,Women's Javelin Throw
398,Men
399,Women
400,Men's Light (57-63kg)
401,Women's Canoe
402,Women's Kayak
403,Men's Kayak Double 1000m
404,Men's Park
405,Men's Individual Time Trial
406,Men's Team Pursuit
407,Women's 10m Platform
408,Eventing Team
409,Eventing Individual
410,Men
411,Women's 10km
412,Men's Four
413,Women's Four
414,Men's Quadruple Sculls
415,Women's Quadruple Sculls
416,Men's One Person Dinghy - Laser
417,Men's Two Person Dinghy - 470
418,Men's Park
419,Men
420,Men's 200m Breaststroke
421,Women's 100m Backstroke
422,Women's 100m Freestyle
423,Women's 200m Backstroke
424,Women's 200m Freestyle
425,Women's 4 x 100m Freestyle Relay
426,Women's 4 x 100m Medley Relay
427,Women's 400m Freestyle
428,Women's 50m Freestyle
429,Men's 100m Freestyle
430,Men's 400m Freestyle
431,Women's 800m Freestyle
432,Men's 4 x 100m Freestyle Relay
433,Men's 4 x 200m Freestyle Relay
434,Men's 400m Individual Medley
435,Women's 100m Butterfly
436,Women's 100m Freestyle
437,Women's 200m Backstroke
438,Women's 4 x 200m Freestyle Relay
439,Mixed 4 x 100m Medley Relay
440,Mixed Doubles
441,Mixed Team
442,"Women's 10,000m"
443,Women's 5000m
444,Men's 4 x 400m Relay
445,Men's Marathon
446,Women's Heptathlon
447,Women's 1500m
448,Women's 400m Hurdles
449,Women's Heptathlon
450,Women's Middle (69-75kg)
451,Men
452,Women
453,Women's Individual Time Trial
454,Men's Individual Time Trial
455,Women's Road Race
456,Women's Individual Time Trial
457,Men's Sprint
458,Men's Team Sprint
459,Women's Keirin
460,Men's Sprint
461,Men's Keirin
462,Women's Omnium
463,Jumping Individual
464,Women
465,Women -70 kg
466,Women's 10km
467,Men's Quadruple Sculls
468,Men's Double Sculls
469,Women's Four
470,Lightweight Women's Double Sculls
471,Women's Double Sculls
472,Men's Windsurfer - RS:X
473,Women's One Person Dinghy - Laser Radial
474,Women's Skiff - 49er FX
475,Men's 100m Breaststroke
476,Men's 200m Breaststroke
477,Men's Decathlon
478,Men
479,Women
480,Men's Madison
481,Men's Team Sprint
482,Eventing Team
483,Men's Épée Individual
484,Men's Foil Team
485,Women's Foil Team
486,Women's Sabre Team
487,Women's Sabre Individual
488,Men
489,Women
490,Women -63 kg
491,Mixed Team
492,Women -52 kg
493,Women -57 kg
494,Women -78 kg
495,Men +100 kg
496,Men -60 kg
497,Women +78 kg
498,Men's Kumite -67kg
499,Men's Double Sculls
500,Lightweight Women's Double Sculls
501,Women
502,Men's Windsurfer - RS:X
503,Women's Windsurfer - RS:X
504,Women's Two Person Dinghy - 470
505,25m Rapid Fire Pistol Men
506,Men's 50m Freestyle
507,Women +67kg
508,Mixed Relay
509,Men
510,Women's Team
511,Men's Parallel Bars
512,Women's Long Jump
513,Men's 50km Race Walk
514,Women's Discus Throw
515,Women's Kayak
516,Men's Canoe
517,Men's Kayak
518,Women's Canoe
519,Men's Kayak Four 500m
520,Men's Kayak Double 1000m
521,Men's Canoe Double 1000m
522,Women's Team Pursuit
523,Women's Team Sprint
524,Men's Synchronised 3m Springboard
525,Women's Synchronised 3m Springboard
526,Dressage Individual
527,Dressage Team
528,Eventing Individual
529,Dressage Individual
530,Men -90 kg
531,Women -78 kg
532,Mixed Team
533,Men's 10km
534,Lightweight Men's Double Sculls
535,Men's Eight
536,Women's Skiff - 49er FX
537,Men's Skiff - 49er
538,Mixed Multihull - Nacra 17 Foiling
539,Men's 1500m Freestyle
540,Women's 1500m Freestyle
541,Men's Team
542,Men's Singles
543,Men's Singles
544,Women's Freestyle 76kg
545,Men's Greco-Roman 67kg
546,Men's Greco-Roman 87kg
547,Men's Individual
548,Women's Individual
549,Women's Floor Exercise
550,Men's 100m
551,Men's 20km Race Walk
552,Men's 4 x 100m Relay
553,Men's High Jump
554,Women's 20km Race Walk
555,Women's Feather (54-57kg)
556,Men's Kayak Single 200m
557,Women's Road Race
558,Men's Team Pursuit
559,Men's Omnium
560,Men's Foil Individual
561,Men's Sabre Individual
562,Men's Sabre Team
563,Women's Épée Team
564,Women's Foil Team
565,Women -52 kg
566,Women -63 kg
567,Men's Kumite -75kg
568,Women's Kata
569,Men's 10km
570,Group All-Around
571,Lightweight Women's Double Sculls
572,Lightweight Men's Double Sculls
573,Men's Four
574,Mixed Multihull - Nacra 17 Foiling
575,Skeet Women
576,Men's 4 x 100m Freestyle Relay
577,Men's 800m Freestyle
578,Men's 100m Breaststroke
579,Men's 200m Butterfly
580,Men's 4 x 100m Medley Relay
581,Women's 800m Freestyle
582,Men -58kg
583,Women's 64kg
584,Men's 67kg
585,Men's 81kg
586,Men's Freestyle 97kg
587,Men's 200m
588,Men's Decathlon
589,Men's 5000m
590,Men's 100m
591,Men's 4 x 100m Relay
592,Men's 50km Race Walk
593,Softball
594,Women's Canoe Single 200m
595,Women's Canoe Double 500m
596,Women's Sprint
597,Women's Keirin
598,Women's Synchronised 3m Springboard
599,Women
600,Women -57 kg
601,Women -63 kg
602,Women's Eight
603,Women's Pair
604,Women's 100m Butterfly
605,Women's 100m Backstroke
606,Women's 200m Backstroke
607,Women's 4 x 100m Freestyle Relay
608,Women's 200m Freestyle
609,Women's 4 x 100m Medley Relay
610,Women's 64kg
611,Women's Vault
612,Women's All-Around
613,Men's 400m Hurdles
614,Men's Pole Vault
615,Men's Middle (69-75kg)
616,Women's Light (57-60kg)
617,Men's Heavy (81-91kg)
618,Men's Canoe Single 1000m
619,Men
620,Men -66 kg
621,Women -78 kg
622,Women's 10km
623,Women's Skiff - 49er FX
624,Men's Park
625,Men's Street
626,Women's Street
627,Men
628,Men's 200m Freestyle
629,Men's 50m Freestyle
630,Women's Doubles
631,Women
632,Men's Shot Put
633,Women's Shot Put
634,Men's Heavy (81-91kg)
635,Women's Kayak Double 500m
636,Women's Kayak Single 200m
637,Women's Kayak Single 500m
638,Men's Omnium
639,Women's Keirin
640,Women's Individual Stroke Play
641,Men's Eight
642,Women's Pair
643,Women's Single Sculls
644,Women's Double Sculls
645,Women's Eight
646,Women
647,Men
648,Men's Skiff - 49er
649,Men's Doubles
650,Men
651,Men's Individual
652,Men's Long Jump
653,Men's Long Jump
654,Women's Discus Throw
655,Men's Heavy (81-91kg)
656,Men's Light (57-63kg)
657,Men's Light Heavy (75-81kg)
658,Men's Welter (63-69kg)
659,Men's Feather (52-57kg)
660,Men's Canoe Double 1000m
661,Women +78 kg
662,25m Rapid Fire Pistol Men
663,Men +80kg
664,Men's Greco-Roman 130kg
665,Men's Greco-Roman 60kg
666,Men's Freestyle 97kg
667,Men's Kayak Single 1000m
668,Men's Kayak Single 200m
669,Women's Kayak Four 500m
670,Men's Kayak Single 1000m
671,Women's Kayak Single 500m
672,Women's Kayak Double 500m
673,Men's Sabre Individual
674,Men's Épée Individual
675,Men's Sabre Team
676,Men -90 kg
677,Men's Kumite -75kg
678,Men's 10km
679,Women's Individual
680,Men's One Person Dinghy (Heavyweight) - Finn
681,Men's 200m Butterfly
682,Men's 100m Butterfly
683,Men
684,Women
685,Men's Greco-Roman 77kg
686,Men's Greco-Roman 87kg
687,Men's Team
688,Women's Individual
689,Women's Team
690,Mixed Team
691,Men's Vault
692,Women's Vault
693,Women's Doubles
694,Men's Sabre Team
695,Women's Épée Team
696,Men's Épée Team
697,Men's Sabre Individual
698,Women's Sabre Team
699,Men -100 kg
700,Men -66 kg
701,Men -73 kg
702,Men's Individual
703,25m Pistol Women
704,Women +67kg
705,Men +80kg
706,Men -58kg
707,Men's 50km Race Walk
708,Men's Hammer Throw
709,Women's Hammer Throw
710,4 x 400m Relay Mixed
711,Women's 4 x 400m Relay
712,Women's Javelin Throw
713,Men's 800m
714,Men's Hammer Throw
715,Women's Hammer Throw
716,Women's Kayak Double 500m
717,Women's Kayak Four 500m
718,Women's Quadruple Sculls
719,Women's Two Person Dinghy - 470
720,Men's Greco-Roman 97kg
721,Men's Javelin Throw
722,Men's Javelin Throw
723,Men's Kayak
724,Men's Canoe
725,Men's Kayak Double 1000m
726,Men's Foil Individual
727,Men +100 kg
728,Trap Men
729,Trap Men
730,Women's Doubles
731,Women's Singles
732,Men's 800m
733,Men's Marathon
734,Women's 1500m
735,Women's Marathon
736,Men's 1500m
737,Men's 800m
738,Women's 5000m
739,Women's Marathon
740,Men's 3000m Steeplechase
741,Women's 3000m Steeplechase
742,Men's 1500m
743,Men's 400m Hurdles
744,Men's Hammer Throw
745,Men
746,Women
747,Men's Single Sculls
748,Men's One Person Dinghy - Laser
749,Men's Individual
750,Men's 110m Hurdles
751,Women's 100m
752,Women's 200m
753,Women's 4 x 100m Relay
754,Women's 100m
755,Men's 110m Hurdles
756,Women's 100m
757,Women's 100m Hurdles
758,Women's 4 x 400m Relay
759,Men's Floor Exercise
760,Women's Triple Jump
761,Women's Kayak
762,Men's Kayak Four 500m
763,Women's Kayak Single 200m
764,Men's Cross-country
765,Men
766,Men
767,Women's Kata
768,Men's Kata
769,Men's One Person Dinghy (Heavyweight) - Finn
770,Men's Two Person Dinghy - 470
771,Trap Mixed Team
772,Men's Combined
773,Women -49kg
774,Men's Singles
775,Women
776,Men's Discus Throw
777,Men's Pole Vault
778,Men's Discus Throw
779,Jumping Team
780,Jumping Individual
781,Women
782,Men's Two Person Dinghy - 470
783,Women's One Person Dinghy - Laser Radial
784,Women's 50m Freestyle
785,Women
786,Women's Park
787,Women's Cross-country
788,Men's Cross-country
789,Women's Cross-country
790,Women's Cross-country
791,Women's Individual Time Trial
792,50m Rifle 3 Positions Women
793,10m Air Rifle Women
794,Men's 100m Butterfly
795,Men's 200m Individual Medley
796,Women's Singles
797,Women's Doubles
798,Men's Singles
799,Women's Kayak Single 200m
800,Women's Kayak Single 500m
801,Men's Madison
802,Men's Team Pursuit
803,Women's Madison
804,Men
805,Men's Pair
806,Women's One Person Dinghy - Laser Radial
807,Skeet Men
808,Women's 50m Freestyle
809,Men's Horizontal Bar
810,Men's Pair
811,Men's Single Sculls
812,Men's One Person Dinghy - Laser
813,Women -67kg
814,Men -80kg
815,Men's Doubles
816,Men's Doubles
817,Men's Kumite +75kg
818,10m Air Pistol Men
819,Men's +109kg
820,Men's Greco-Roman 67kg
821,Men's Freestyle 86kg
822,Men's Freestyle 125kg
823,Men's Greco-Roman 97kg
824,Men
825,Women's Kumite -61kg
826,10m Air Pistol Men
827,50m Rifle 3 Positions Men
828,Women +67kg
829,Women -49kg
830,Women
831,Men
832,Men's Greco-Roman 87kg
833,Women's Uneven Bars
834,Women's Heptathlon
835,Men's Marathon
836,Men's Road Race
837,Jumping Team
838,Men
839,Men -81 kg
840,Women's Fly (48-51kg)
841,Women's Kumite -55kg
842,Group All-Around
843,10m Air Pistol Women
844,Women's Freestyle 57kg
845,Women's Freestyle 62kg
846,Men's Canoe
847,Men's Individual Time Trial
848,Men's Road Race
849,Women -63 kg
850,Women's Combined
851,Men's Super Heavy (+91kg)
852,Men -90 kg
853,Men -68kg
854,Men's 109kg
855,Men's Freestyle 74kg
856,Men -90 kg
857,Men +100 kg
858,Men -66 kg
859,Men -73 kg
860,Men's +109kg
861,Men's 96kg
862,Men's Freestyle 125kg
863,Men's Greco-Roman 130kg
864,Men's Team
865,Men's Pommel Horse
866,Men's Doubles
867,Women's Singles
868,Women's Fly (48-51kg)
869,Men's Individual Stroke Play
870,Men -60 kg
871,Women's Kumite -55kg
872,Mixed Doubles
873,Women -57kg
874,Women's 59kg
875,Women's 64kg
876,Men's Individual
877,Men's Parallel Bars
878,Women's Welter (64-69kg)
879,Women's Fly (48-51kg)
880,Men's Kumite -67kg
881,Men's Kata
882,Men's Kumite +75kg
883,Women's Kumite -61kg
884,Men -68kg
885,Women -57kg
886,Men's Freestyle 125kg
887,Men's Greco-Roman 130kg
888,Women's Freestyle 76kg
889,Men's Rings
890,Men's Long Jump
891,Men's Single Sculls
892,Men
893,Men's 5000m
894,Women's 3000m Steeplechase
895,"Men's 10,000m"
896,"Men's 10,000m"
897,Men's Road Race
898,Women's 76kg
899,Women's 87kg
900,Women's Light (57-60kg)
901,Men's Welter (63-69kg)
902,Lightweight Men's Double Sculls
903,Women's Four
904,Men's Floor Exercise
905,Mixed Team
906,Individual All-Around
907,Women -49kg
908,Men's High Jump
909,Men
910,Men's 96kg
911,Men's 400m
912,Women's 400m
913,Women -48 kg
914,Women -57 kg
915,Duet
916,Team
917,Women's High Jump
918,Men's Middle (69-75kg)
919,Women's Canoe Double 500m
920,Women's Canoe Single 200m
921,Women's Sprint
922,Men's Épée Individual
923,Women -48 kg
924,Women's Kumite -55kg
925,Men's Kumite -75kg
926,10m Air Pistol Mixed Team
927,Men's 1500m Freestyle
928,Men's 800m Freestyle
929,Women's Singles
930,Men's Greco-Roman 87kg
931,Men's Greco-Roman 67kg
932,Women's Freestyle 62kg
933,Women's Freestyle 68kg
934,Men's High Jump
935,Women's Kayak Four 500m
936,Individual All-Around
937,Men
938,Men's Freestyle 74kg
939,Women's Freestyle 57kg
940,Women's Freestyle 53kg
941,Women's Épée Individual
942,Women's Double Sculls
943,Men's Four
944,Men's Pair
945,Women's Triple Jump
946,Men's Park
947,Men's 73kg
948,Men's 96kg
949,Men's Javelin Throw
950,Women's Singles
951,Women's Welter (64-69kg)
952,Men
953,Women's 49kg
954,Men's Freestyle 57kg
955,Men's Freestyle 65kg
956,Women's Sprint
957,Men's Foil Individual
958,Women's Kata
959,Women's 100m Freestyle
960,Women's 200m Freestyle
961,Women's Team
962,Men's Fly (48-52kg)
963,Women's Feather (54-57kg)
964,Men's Middle (69-75kg)
965,Women's 55kg
966,Men's Kayak
967,Men's Kayak Four 500m
968,Men's Individual Stroke Play
969,Trap Women
970,Women
971,Women's 200m Breaststroke
972,Women's 100m Breaststroke
973,Men's Discus Throw
974,Women's Road Race
975,Women -70 kg
976,Men -81 kg
977,Women's Kumite -55kg
978,Women's Single Sculls
979,Men's Combined
980,Women's Kumite +61kg
981,Women's Kumite -61kg
982,Men's Individual
983,Men -80kg
984,Women -67kg
985,Men's Greco-Roman 67kg
986,Women's Doubles
987,Men's Singles
988,Men's 61kg
989,Men's 73kg
990,Women's 49kg
991,"Men's 10,000m"
992,Men's 3000m Steeplechase
993,"Women's 10,000m"
994,Women's 5000m
995,Men's Triple Jump
996,Women's Triple Jump
997,Men's Kayak Single 1000m
998,Men -100 kg
999,Men's 400m Freestyle
1000,Men -58kg
1001,Women's Épée Team
1002,Women's Épée Individual
1003,Men
1004,Women
1005,Men
1006,Men's 109kg
1007,Women's Light (57-60kg)
1008,Women -49kg
1009,Women's Individual
1010,Men's 3000m Steeplechase
1011,Women's 100m Hurdles
1012,Men's 400m
1013,Women's 20km Race Walk
1014,Women
1015,Men
1016,Men's 67kg
1017,Men's Light Heavy (75-81kg)
1018,Women +78 kg
1019,Men's Kumite -75kg
1020,Women's Kumite +61kg
1021,Men's Freestyle 65kg
1022,Men's Greco-Roman 77kg
1023,Women's Freestyle 50kg
1024,Women's 400m
1025,4 x 400m Relay Mixed
1026,Baseball
1027,Men's 81kg
1028,Women's 87kg
1029,Men's Vault
1030,Men's Light (57-63kg)
1031,Men's 109kg
1032,Men's Greco-Roman 97kg
1033,Men's Greco-Roman 77kg
1034,Women's Freestyle 62kg
1035,Women's Freestyle 68kg
1036,Men -81 kg
1037,Men -73 kg
1038,Women -48 kg
1039,Women's Freestyle 53kg
1040,Women
1041,Men
1042,Men
1043,Trap Mixed Team
1044,Trap Women
1045,Men's Freestyle 86kg
1046,Men's Kumite -67kg
1047,Men -80kg
1048,Men's Doubles
1049,Men's Keirin
1050,Women's Long Jump
1051,Women's Freestyle 68kg
1052,"Women's 10,000m"
1053,Men's Kumite +75kg
1054,Women's Individual
1055,Men +80kg
1056,Women's 200m
1057,Women's 59kg
1058,Men's Fly (48-52kg)
1059,Men's Super Heavy (+91kg)
1060,Men -60 kg
1061,Men's Kumite -67kg
1062,Women's Kumite +61kg
1063,Men's 61kg
1064,Women's 55kg
1065,Men's Freestyle 57kg
1066,Mixed Team
1067,Women's Synchronised 10m Platform
1068,Men
1069,Women's 76kg
1070,Women's Light (57-60kg)
1071,Men's 200m Breaststroke
1072,Men's 4 x 400m Relay
1073,Men's Triple Jump
1074,Women -67kg
1075,Men's Feather (52-57kg)
1076,Men's 400m
1077,Skeet Men
1078,Men's Canoe Single 1000m
1079,Men's +109kg
